{"Q1":"Hur store del av undervisningen innehåller matte?","Q1Answer":"alt3","Q2":"Hur store del av undervisningen innehåller programmering?","Q3":"Hur store del av undervisningen innehåller språk?","Q4":"Hur store del av undervisningen innehåller projekt?","Q5":"Hur store del av undervisningen innehåller valbar kurs?","Q4Suggestions":["11%","60%","21%","no answer","12%","45%","10%","no answer","10%","0%","5%","no answer","10%","7%","20%","no answer","5%","9%","11%","no answer"],"Q2Suggestions":["11%","60%","21%","no answer","12%","45%","10%","no answer","10%","0%","5%","no answer","10%","7%","20%","no answer","5%","9%","11%","no answer"],"Q3Answer":"alt2","Q5Suggestions":["11%","60%","21%","no answer","12%","45%","10%","no answer","10%","0%","5%","no answer","10%","7%","20%","no answer","5%","9%","11%","no answer"],"Q4Answer":"alt3","Q3Suggestions":["11%","60%","21%","no answer","12%","45%","10%","no answer","10%","0%","5%","no answer","10%","7%","20%","no answer","5%","9%","11%","no answer"],"Q2Answer":"alt1","Q5Answer":"alt2","Q1Suggestions":["11%","60%","21%","no answer","12%","45%","10%","no answer","10%","0%","5%","no answer","10%","7%","20%","no answer","5%","9%","11%","no answer"]}