<?xml version="1.0" encoding="UTF-8"?>
<project-private xmlns="http://www.netbeans.org/ns/project-private/1">
    <editor-bookmarks xmlns="http://www.netbeans.org/ns/editor-bookmarks/2" lastBookmarkId="0"/>
    <open-files xmlns="http://www.netbeans.org/ns/projectui-open-files/2">
        <group>
            <file>file:/C:/Users/moham/Desktop/Lecture3/web/result.jsp</file>
            <file>file:/C:/Users/moham/Desktop/Lecture3/src/java/servlet/ForumServlet.java</file>
            <file>file:/C:/Users/moham/Desktop/Lecture3/src/java/database/DataJSON.java</file>
            <file>file:/C:/Users/moham/Desktop/Lecture3/src/java/bean/QuizBean.java</file>
            <file>file:/C:/Users/moham/Desktop/Lecture3/src/java/bean/Solution.java</file>
        </group>
    </open-files>
</project-private>
